id;start_date;end_date;language
1;2023-06-19T01:51:34;2023-06-20T00:49:17;ENGLISH
2;2023-06-19T22:04:27;2023-06-19T22:52:33;SPANISH
3;2023-06-19T07:51:01;2023-06-19T05:00:05;ENGLISH
4;2023-06-19T10:28:41;2023-06-19T18:48:32;SPANISH
5;2023-06-19T17:44:01;2023-06-19T08:01:48;FRENCH
6;2023-06-19T01:52:10;2023-06-20T00:53:31;ENGLISH
7;2023-06-19T19:54:33;2023-06-19T19:59:48;FRENCH
8;2023-06-19T23:37:08;2023-06-19T07:26:24;SPANISH
9;2023-06-20T00:45:02;2023-06-20T00:41:46;FRENCH
10;2023-06-19T02:25:38;2023-06-19T12:03:15;ENGLISH
